sales_agent,manager,regional_office
Moses Frase,Dustin Brinkmann,Central
Darcel Schlecht,Melvin Marxen,Central
Zane Levy,Summer Sewald,West
Anna Snelling,Dustin Brinkmann,Central
Vicki Laflamme,Celia Rouche,West
Markita Hansen,Celia Rouche,West
Niesha Huffines,Melvin Marxen,Central
James Ascencio,Summer Sewald,West
Gladys Colclough,Melvin Marxen,Central
Maureen Marcano,Summer Sewald,West
Hayden Neloms,Celia Rouche,West
Rosalina Dieter,Celia Rouche,West
Versie Hillebrand,Dustin Brinkmann,Central
Daniell Hammack,Rocco Neubert,East
Elease Gluck,Celia Rouche,West
Violet Mclelland,Cara Losch,East
Kami Bicknell,Summer Sewald,West
Rosie Papadopoulos,Cara Losch,East
Kary Hendrixson,Summer Sewald,West
Reed Clapper,Rocco Neubert,East
Wilburn Farren,Cara Losch,East
Garret Kinder,Cara Losch,East
Marty Freudenburg,Melvin Marxen,Central
Cassey Cress,Rocco Neubert,East
Lajuana Vencill,Dustin Brinkmann,Central
Boris Faz,Rocco Neubert,East
Donn Cantrell,Rocco Neubert,East
Corliss Cosme,Cara Losch,East
Cecily Lampkin,Dustin Brinkmann,Central
Jonathan Berthelot,Melvin Marxen,Central
